Apellido;Nombre;Nombre;MAC;
Mayo;Enero;X40W20;8C.E2.32.1A.7C;
Junio;Febrero;A8W08;8C-EC-4B-C2-6A-7C;
Julio;Marzo;A8W08;8C-EC-4B-C2-6A-7C;
Agosto;Abril;A38W08;8C-EC-4B-C2-6A-7C;
Septiembre;Mayo;A38W09;8C-EC-4B-C2-6A-7C;
Octubre;Junio;A38W10;8C-EC-4B-CA-2E-AD;
Noviembre;Julio;A38W11;8C-EC-4B-C2-69-D8;
Diciembre;Agosto;A38W12;8C-EC-4B-CA-2E-41;
Enero;Septiembre;A38W13;8C-EC-4B-C2-6A-24;
Febrero;Octubre;A38W14;8C-EC-4B-C2-66-F6;
Marzo;Noviembre;A38W15;8C-EC-4B-C2-6B-5E;
Abril;Diciembre;A38W16;8C-EC-4B-C2-6B-7C;
Mayo;Enero;A38W17;8C-EC-4B-C2-66-FD;
Junio;Febrero;A38W18;8C-EC-4B-C2-6A-71;
Julio;Marzo;A38W19;8C-EC-4B-C2-6A-7C;
Agosto;Abril;A38W20;8C-EC-4B-BD-EB-09;
Septiembre;Mayo;A38W21;8C-EC-4B-C1-EB-6F;
Octubre;Junio;A38W22;8C-EC-4B-C2-69-F6;
Noviembre;Julio;A38W23;8C-EC-4B-C1-EB-85;
Diciembre;Agosto;A38W24;8C-EC-4B-C2-69-F2;
Enero;Septiembre;A38W25;8C-EC-4B-C2-67-64;
Febrero;Octubre;A38W26;8C-EC-4B-C2-6C-07;
Marzo;Noviembre;A38W27;8C-EC-4B-C1-EB-ED;
Abril;Diciembre;A38W28;8C-EC-4B-C2-69-A2;
Mayo;Enero;A38W29;8C-EC-4B-C2-6F-10;
Junio;Febrero;A38W30;8C-EC-4B-CA-2D-59;
Julio;Marzo;A38W31;8C-EC-4B-C2-6B-9C;
Agosto;Abril;A38W32;8C-EC-4B-C2-69-D5;
Septiembre;Mayo;A38W33;8C-EC-4B-C2-66-F9;
Octubre;Junio;A38W34;8C-EC-4B-C1-ED-65;
Noviembre;Julio;A38W35;8C-EC-4B-C2-6C-13;
Diciembre;Agosto;A38W36;8C-EC-4B-C2-66-CE;
Enero;Septiembre;A38W37;8C-EC-4B-C2-6B-94;
